Channel,Minimum,Maximum,Mean,RMS,Variance,Standard Deviation,Power,Peak,Peak-to-Peak,Crest Factor,Skew,Kurtosis,Max_F,Sum_F,Mean_F,Variance_F,Peak_F,Skew_F,Kurtosis_F
Fp1,-27.731200000000005,15.041999999999998,2.540640982506872e-05,2.9459837918178895,8.67882050100807,2.94598379170831,8.678820501653709,27.731200000000005,42.7732,9.41322218982332,-2.87507942968127,17.75982469334055,13394.121282392776,867882.0501653709,8.678820501653709,13319.585768101153,13394.121282392776,50.21085068956394,4485.998157105446
Fp2,-28.5757,16.8556,-2.1669364858938423e-05,3.1847768034543886,10.142803287351422,3.1847768033806423,10.142803287821154,28.5757,45.4313,8.972591099321367,-2.832792924566892,18.123972940271063,9306.68701487055,1014280.3287821156,10.142803287821156,15266.04180518629,9306.68701487055,30.944922480138874,1524.2234091698274
Fz,-28.4386,20.218,1.6879400047106544e-05,2.9893191035150286,8.936028702354783,2.98931910346734,8.936028702639895,28.4386,48.6566,9.513403894070764,-2.577817369615324,20.1619104906482,8415.613730427967,893602.8702639895,8.936028702639895,12858.567180782089,8415.613730427967,31.943834614048743,1548.1807634869415
F3,-18.743,10.8611,1.675755958011564e-05,2.1798851392195893,4.751899219909548,2.1798851391551683,4.751899220190409,18.743,29.6041,8.598159445552298,-2.288693307109372,12.887469989030926,4498.122540698498,475189.9220190409,4.751899220190409,3035.994750811404,4498.122540698498,32.9484318869725,1773.1853214655214
F4,-10.512999999999996,5.54165,5.771036668133363e-06,1.0430501229370068,1.0879535589255782,1.0430501229210312,1.087953558958905,10.512999999999996,16.054649999999995,10.07909377393833,-2.059909350527267,14.364199762966567,913.4745983013295,108795.35589589048,1.0879535589589047,145.92738387737413,913.4745983013295,28.123151053087774,1245.4311531884337
F7,-14.4721,7.03138,-1.4746076441202405e-05,1.1709025899076746,1.3710128748350587,1.1709025898148226,1.3710128750525001,14.4721,21.50348,12.359781355630208,-2.2486929475529553,14.64175075203995,1856.3492791488409,137101.28750525002,1.3710128750525001,280.26120237824483,1856.3492791488409,45.12388724815765,3657.9687893477817
F8,-15.331000000000003,7.08397,2.6681345536538004e-06,1.0932676809671662,1.1952342222402312,1.0932676809639217,1.1952342222473253,15.331000000000003,22.414970000000004,14.023098155098975,-1.8280187438849465,21.315317516688367,689.1002169565301,119523.42222473251,1.1952342222473251,191.0832389572523,689.1002169565301,25.299935686687416,867.9399137063662
FC1,-7.338239999999998,6.2839,-8.686824928594916e-07,1.078451682860952,1.1630580322648705,1.0784516828606048,1.1630580322656197,7.338239999999998,13.622139999999998,6.80442166915895,-1.1352937071386435,5.229888229783365,1031.7627619974235,116305.80322656193,1.1630580322656192,185.4353281988426,1031.7627619974235,31.68737706677964,1547.4870732140348
FC2,-13.3675,29.2802,1.4994815336031308e-05,3.0140893846963133,9.084734818714185,3.014089384659019,9.084734818939001,29.2802,42.6477,9.714443157746679,1.3884695451569111,8.625995113345272,5742.466518446231,908473.4818939001,9.084734818939001,9739.61426569898,5742.466518446231,26.231775859434286,978.4972789021499
FC5,-14.231500000000002,10.2364,7.2614715946031086e-06,0.9925290271907505,0.9851138697634786,0.9925290271641826,0.9851138698162176,14.231500000000002,24.4679,14.33862346603683,-1.3277584532012208,11.742774054503254,730.0957876774306,98511.38698162176,0.9851138698162176,88.09539541206298,730.0957876774306,28.947326549112837,1405.9537715296206
FC6,-7.83352,7.39274,2.0920362554044302e-06,0.6866281096768647,0.47145816099405513,0.6866281096736829,0.4714581609984246,7.83352,15.22626,11.408679443209143,-0.9338619389448637,9.336394834471166,438.094229657074,47145.81609984246,0.4714581609984246,28.276113779878923,438.094229657074,35.972642589133265,1942.2176205655276
Cz,-6.189520000000001,5.4060500000000005,2.406681759963902e-07,1.0027275040925645,1.0054624474636287,1.002727504092527,1.005462447463704,6.189520000000001,11.595570000000002,6.172683979184668,-0.4884736431436348,2.5342673883928812,914.2325816191544,100546.24474637037,1.0054624474637037,121.13098332882038,914.2325816191544,33.53285650399169,1738.1298984630773
C3,-6.430570000000001,5.53413,8.337494477821394e-08,0.8026282448467454,0.6442120994257384,0.8026282448467276,0.6442120994257672,6.430570000000001,11.9647,8.011890986004186,-0.6649137773321346,3.2201744453222316,613.9336234333866,64421.20994257671,0.6442120994257671,57.6052665407826,613.9336234333866,36.94599711194914,2017.7852704057168
C4,-14.020900000000001,11.8604,-2.9258034241164097e-05,1.5485564948547272,2.398027216900719,1.548556494578328,2.398027217756759,14.020900000000001,25.881300000000003,9.05417403019276,-0.6480323389043045,5.999312055648248,1384.3839967262725,239802.72177567595,2.3980272177567596,582.3379852376024,1384.3839967262725,28.75254226863563,1168.082175115347
T3,-3.5331099999999998,4.02264,1.2363302817018606e-06,0.5671268086039363,0.32163281703575564,0.5671268086025872,0.3216328170372858,4.02264,7.55575,7.093016833223426,0.18581155423351686,1.4664473605453816,177.01858256062903,32163.28170372858,0.3216328170372858,7.845275214870305,177.01858256062903,28.675903322249393,1185.8676451290555
T4,-7.262759999999999,18.7804,-8.250712272430292e-06,1.3263395847077932,1.7591766938947846,1.3263395846821373,1.7591766939628413,18.7804,26.04316,14.159571362063753,0.12269962336959217,1.2741883225550392,5960.622909938741,175917.66939628415,1.7591766939628415,1035.713888835286,5960.622909938741,137.46407822438303,24052.00668443871
A1,-4.19292,6.38793,1.7153748683909241e-06,0.9243050181639765,0.8543397666001616,0.9243050181623822,0.8543397666031088,6.38793,10.58085,6.911062770911786,0.45105350906434927,2.285637470836649,1517.0969059597064,85433.97666031087,0.8543397666031087,134.2132520640989,1517.0969059597064,63.11248249094729,6617.686314264726
A2,-5.86833,8.24786,-1.9805948638007467e-06,1.045851149807057,1.0938046275488107,1.045851149805177,1.0938046275527433,8.24786,14.11619,7.886265652164362,0.3902213745574011,3.0603078066678835,4246.244202514298,109380.4627552743,1.093804627552743,533.3960405569252,4246.244202514298,133.31673435472047,23249.192764436135
CP1,-4.434429999999999,4.69125,1.6787553648782705e-06,0.7475670991075352,0.5588565676652457,0.747567099105656,0.5588565676680552,4.69125,9.12568,6.275356427002386,-0.05354252233110909,1.2630540806685513,623.1573880957147,55885.65676680552,0.5588565676680552,71.58223133495208,623.1573880957147,41.988952433071454,2296.2416049543444
CP2,-3.3724899999999995,2.79636,-1.614657358489069e-07,0.5950245551959588,0.35405422128612407,0.5950245551959382,0.3540542212861486,3.3724899999999995,6.168849999999999,5.667816513705626,-0.09105710627632407,0.37908399157423434,259.13865074689323,35405.42212861485,0.35405422128614855,15.008917879978455,259.13865074689323,31.288904158579758,1304.7906158100323
CP5,-4.339159999999998,6.18902,-1.795112426807748e-06,0.8702874848998319,0.7574003063700642,0.8702874848979871,0.757400306373275,6.18902,10.528179999999999,7.111466161911247,0.20816988837491565,1.49393208891403,737.8691680362454,75740.03063732751,0.757400306373275,85.79306588694715,737.8691680362454,38.61567474484537,2085.615521943304
CP6,-36.4114,35.1846,-1.2678273896994482e-05,2.311926531269999,5.345004285829397,2.3119265312352373,5.345004285990129,36.4114,71.596,15.749375902528492,-0.007884070401265642,3.8160791361758584,7106.459183954202,534500.4285990128,5.345004285990128,3004.240250342523,7106.459183954202,61.602934355661944,6394.884030226864
Pz,-3.01005,6.876039999999999,-1.7745171010005833e-07,0.6639970941711207,0.44089214106766883,0.6639970941711032,0.4408921410676922,6.876039999999999,9.88609,10.355527246069473,0.27942965757631166,2.400710639202705,487.5107215156646,44089.21410676921,0.4408921410676921,31.32654928305819,487.5107215156646,38.15502546015554,2163.4069832463942
P3,-3.886860000000001,5.2702,6.634946664541986e-07,0.7728132387298108,0.5972403019556287,0.7728132387295321,0.5972403019560596,5.2702,9.157060000000001,6.819500153312663,0.23389620835165023,1.1973003166375582,677.7823674540634,59724.03019560596,0.5972403019560596,60.506427235465964,677.7823674540634,44.85309811530363,2729.5960968950076
P4,-6.935119999999999,13.0522,6.432072152966839e-07,1.326993103435827,1.7609106965658405,1.3269931034356737,1.760910696566248,13.0522,19.987319999999997,9.835921502685638,0.2487502775282695,2.78816449753217,2136.7259284752945,176091.0696566248,1.760910696566248,453.99877967546456,2136.7259284752945,41.862734962270544,2849.635219567256
T5,-5.63911,6.40136,5.337177895258094e-07,0.8707350702593928,0.7581795625793454,0.8707350702592295,0.7581795625796297,6.40136,12.04047,7.351673567131079,0.21809332870954476,2.010156066643603,397.7737026970999,75817.95625796297,0.7581795625796297,28.149020109244766,397.7737026970999,30.624459583497803,1391.617015619686
T6,-8.372720000000001,13.4467,5.597342301784636e-06,1.468705644467615,2.157096270059736,1.4687056444569606,2.1570962700910323,13.4467,21.81942,9.155476490916762,0.5653594129253264,3.9542653566469523,5136.177074670419,215709.62700910328,2.1570962700910328,894.7911004903974,5136.177074670419,109.04435904876429,17561.84030029227
PO3,-7.089360000000001,9.255040000000001,2.3758574801149736e-06,1.1470813028709057,1.3157955153903462,1.147081302868435,1.3157955153960146,9.255040000000001,16.3444,8.068338292008216,0.36516000022299583,2.3764236694895997,1389.1051773100862,131579.5515396014,1.3157955153960141,165.39187040933206,1389.1051773100862,49.26636976378968,3876.6396888502113
PO4,-6.94977,9.25895,-4.672167983296731e-06,1.1830227957225012,1.3995429351772417,1.1830227957132702,1.399542935199083,9.25895,16.20872,7.826518671895355,0.41788411932860225,2.580249504864269,2056.3144423634894,139954.2935199083,1.399542935199083,279.69590954840044,2056.3144423634894,55.11547253326003,5174.4221308330025
Oz,-7.199119999999999,7.02267,4.28120786194441e-06,1.0213066627908443,1.043067299442638,1.0213066627818688,1.0430672994609713,7.199119999999999,14.221789999999999,7.048930808232986,0.052196214625142595,2.007340254846751,690.7889462098279,104306.72994609711,1.043067299460971,39.88175934935737,690.7889462098279,46.15455549311267,3610.036945636964
O1,-5.932450000000002,6.39335,-6.987940500673772e-07,0.991239886775773,0.982556513134775,0.9912398867755348,0.9825565131352473,6.39335,12.325800000000001,6.449851428795692,0.08190076342537463,1.0422889985230803,672.2519427050618,98255.65131352472,0.9825565131352473,24.66358340962831,672.2519427050618,63.80408515265315,7180.7760543246395
O2,-6.6853,12.7024,9.048323186773928e-06,1.0440117738307182,1.0899605838152926,1.044011773791509,1.0899605838971629,12.7024,19.387700000000002,12.166912594665467,0.5201170923500341,4.642386281481466,1087.634072474936,108996.05838971627,1.0899605838971627,89.22732880263742,1087.634072474936,48.339470555884674,4179.368300451696
0,-27.731210708618164,15.04196548461914,3.58581542236891e-09,2.9459831714630127,8.678163528442383,2.9458723068237305,8.678816795349121,27.731210708618164,42.77317810058594,9.413227807016458,-2.8750805715562042,17.75983375136807,13394.12992,867881.7507303415,8.678817507303416,13319.588602779797,13394.12992,50.21094344322423,4486.013254980164
1,-28.57568359375,16.85562515258789,4.3487546896869844e-09,3.184777021408081,10.142254829406738,3.1846907138824463,10.142804145812988,28.57568359375,45.43130874633789,8.972585333812749,-2.832793299004545,18.123958877890402,9306.71936,1014280.465401751,10.14280465401751,15266.039118033004,9306.71936,30.94496214990356,1524.2300656255086
2,-28.4385929107666,20.217966079711914,5.187988261212695e-09,2.989316940307617,8.935590744018555,2.989245891571045,8.936016082763672,28.4385929107666,48.656558990478516,9.513408406885125,-2.5778237867075537,20.16194482300071,8415.58656,893601.5980197138,8.936015980197137,12858.531308066194,8415.58656,31.94380932936583,1548.1780971654402
3,-18.74298667907715,10.861066818237305,-2.7465820728878043e-09,2.1798815727233887,4.751716136932373,2.1798431873321533,4.7518839836120605,18.74298667907715,29.604053497314453,8.598167402122215,-2.2886965358373286,12.887485006097796,4498.12064,475188.39849069156,4.751883984906915,3035.9762898513995,4498.12064,32.94844925990353,1773.1883001191964
4,-10.513015747070312,5.54164981842041,8.964538555922275e-10,1.0430513620376587,1.0879218578338623,1.0430349111557007,1.0879560708999634,10.513015747070312,16.054664611816406,10.079096897522431,-2.0599114453546123,14.364213276626135,913.476,108795.61650839928,1.0879561650839928,145.92806065151942,913.476,28.123137089014502,1245.4287899369153
5,-14.472053527832031,7.031379222869873,2.288818301554585e-10,1.1709001064300537,1.3709644079208374,1.1708818674087524,1.3710070848464966,14.472053527832031,21.503433227539062,12.359767881442712,-2.2486928758885387,14.641733892012638,1856.34048,137100.69663024653,1.3710069663024653,280.25903646267506,1856.34048,45.123854114926914,3657.95964852521
6,-15.331007957458496,7.083969593048096,3.051757735406113e-10,1.0932680368423462,1.1951873302459717,1.0932462215423584,1.1952348947525024,15.331007957458496,22.41497802734375,14.023100868967681,-1.8280190545473958,21.315312805112594,689.10008,119523.49495051993,1.1952349495051993,191.08328956791877,689.10008,25.299916881858245,867.9392962731995
7,-7.3382439613342285,6.283904552459717,-1.7166137400437265e-09,1.0784523487091064,1.163031816482544,1.078439474105835,1.1630594730377197,7.3382439613342285,13.622148513793945,6.804421141201104,-1.1352919246751247,5.229884110836531,1031.76416,116305.94973197667,1.1630594973197668,185.435967893018,1031.76416,31.687395978467183,1547.4882973376698
8,-13.367508888244629,29.280168533325195,-7.591247630500675e-09,3.0140883922576904,9.084339141845703,3.014023780822754,9.084729194641113,29.280168533325195,42.64767837524414,9.714435916523671,1.3884696221352772,8.625984424617,5742.4512,908472.8810947582,9.084728810947581,9739.609981785712,5742.4512,26.23177305266282,978.4967709846775
9,-14.231500625610352,10.236387252807617,-5.340576314516454e-10,0.9925289750099182,0.9850952625274658,0.9925196766853333,0.985113799571991,14.231500625610352,24.46788787841797,14.338624850189525,-1.3277553686288266,11.742710578292911,730.10112,98511.39045522158,0.9851139045522158,88.09548136692976,730.10112,28.947377709200588,1405.9613792168793
10,-7.833519458770752,7.392735004425049,6.294250676219804e-10,0.6866278052330017,0.47144702076911926,0.6866199970245361,0.4714577794075012,7.833519458770752,15.2262544631958,11.408683713460322,-0.933859096445309,9.336376964347862,438.093,47145.77172431699,0.4714577172431699,28.27602903687261,438.093,35.97257493604191,1942.2098401247692
11,-6.189517974853516,5.40604829788208,-9.536743617033494e-10,1.0027270317077637,1.0054312944412231,1.0027120113372803,1.005461573600769,6.189517974853516,11.595565795898438,6.172684867497816,-0.48847366276704035,2.53426580774872,914.2344,100546.1674584474,1.005461674584474,121.13094093723521,914.2344,33.53290695535421,1738.137254664088
12,-6.430573463439941,5.534132957458496,1.9836425835251248e-09,0.8026285767555237,0.6442046761512756,0.8026236295700073,0.6442126631736755,6.430573463439941,11.964706420898438,8.011891987990678,-0.6649133398515766,3.220180023433902,613.93392,64421.267462408185,0.6442126746240818,57.60539829340285,613.93392,36.946021885898595,2017.7881184223418
13,-14.020855903625488,11.860416412353516,-8.392334049922567e-10,1.54855477809906,2.3979835510253906,1.5485423803329468,2.398021936416626,14.020855903625488,25.881271362304688,9.054155591988096,-0.6480315860494876,5.999303881849544,1384.39168,239802.20831307772,2.398022083130777,582.3349036041127,1384.39168,28.752552544041304,1168.0832778068998
14,-3.5331146717071533,4.022642612457275,1.564025908784572e-09,0.5671274065971375,0.3216288089752197,0.567123293876648,0.321633517742157,4.022642612457275,7.555757522583008,7.093013960643917,0.18581221924341476,1.4664467728054627,177.0186,32163.35244699429,0.3216335244699429,7.8452973691778,177.0186,28.675851482032318,1185.8629442563686
15,-7.262763023376465,18.780439376831055,-3.280639537805996e-09,1.3263417482376099,1.759147047996521,1.3263283967971802,1.7591824531555176,18.780439376831055,26.043201446533203,14.159577953258092,0.12269826876429235,1.2741842972742887,5960.65024,175918.2721646328,1.759182721646328,1035.7220135271955,5960.65024,137.46429128363366,24052.06684384052
16,-4.192920207977295,6.38792610168457,1.754760781125242e-09,0.9243045449256897,0.8543170094490051,0.9242926836013794,0.8543388843536377,6.38792610168457,10.580846786499023,6.911062091767745,0.45105509195442206,2.285641713905452,1517.0976,85433.89747325814,0.8543389747325814,134.21308981145367,1517.0976,63.11256421110701,6617.706969600197
17,-5.86832857131958,8.247862815856934,-2.0599364436435508e-09,1.045851469039917,1.0937690734863281,1.0458341836929321,1.0938053131103516,8.247862815856934,14.116191864013672,7.886265937388226,0.39022275740921136,3.060312961057565,4246.23904,109380.53891538607,1.0938053891538608,533.3956626017459,4246.23904,133.31647978623195,23249.11866232186
18,-4.434433460235596,4.691249847412109,-6.866455182219511e-10,0.7475675344467163,0.5588434338569641,0.7475582957267761,0.5588572025299072,4.691249847412109,9.125682830810547,6.275352568492905,-0.053542374308933605,1.2630519483198528,623.15792,55885.728107579576,0.5588572810757958,71.58232554544713,623.15792,41.98892928065826,2296.239735720403
19,-3.372488260269165,2.796358823776245,3.051757735406113e-10,0.5950242280960083,0.35404616594314575,0.5950177907943726,0.3540538549423218,3.372488260269165,6.16884708404541,5.66781670565019,-0.09105706433545184,0.37908490456550004,259.13772,35405.39368225079,0.3540539368225079,15.008878670021222,259.13772,31.2888674521991,1304.7870632623149
20,-4.339155197143555,6.189018249511719,1.2207030941624453e-09,0.8702869415283203,0.7573888301849365,0.8702808618545532,0.7573993802070618,6.189018249511719,10.528173446655273,7.1114685906272666,0.20816911930932452,1.4939323157308628,737.86944,75739.94827868724,0.7573994827868724,85.79295617438059,737.86944,38.61571190626908,2085.6200830417865
21,-36.41136932373047,35.184593200683594,0.0,2.311924457550049,5.3449482917785645,2.3119144439697266,5.34499454498291,36.41136932373047,71.59596252441406,15.749376760482768,-0.007877065150661323,3.816095509611803,7106.44096,534499.4642063398,5.344994642063398,3004.226092415883,7106.44096,61.60288574438431,6394.874964464324
22,-3.010049819946289,6.876039981842041,1.5258788677030566e-10,0.6639971733093262,0.44088616967201233,0.6639925837516785,0.44089221954345703,6.876039981842041,9.886089324951172,10.355525984504162,0.2794291145121693,2.400711593164588,487.51104,44089.227520928136,0.44089227520928137,31.326585831104786,487.51104,38.15502094117611,2163.407019043864
23,-3.8868601322174072,5.270198822021484,-2.2125243859250077e-09,0.7728129625320435,0.5972286462783813,0.7728056907653809,0.5972398519515991,5.270198822021484,9.157058715820312,6.819501066278976,0.23389702269000798,1.197305789751594,677.78112,59723.99290028263,0.5972399290028263,60.50626337862132,677.78112,44.853060037613446,2729.5918357957357
24,-6.935123920440674,13.052204132080078,-3.662109282487336e-09,1.3269940614700317,1.760883092880249,1.3269827365875244,1.7609131336212158,13.052204132080078,19.987327575683594,9.835917515426532,0.24874934993284717,2.7881641715928467,2136.7248,176091.30797786394,1.7609130797786394,453.99971857993125,2136.7248,41.86264009029835,2849.6213097164045
25,-5.6391096115112305,6.401358604431152,1.754760781125242e-09,0.8707350492477417,0.7581659555435181,0.8707272410392761,0.7581795454025269,6.401358604431152,12.040468215942383,7.3516721417858495,0.21809426366594373,2.0101614543420734,397.77616,75817.96155381485,0.7581796155381485,28.14906636295761,397.77616,30.624585394856126,1391.6324647892027
26,-8.372722625732422,13.44668960571289,-2.975463875287687e-09,1.468705177307129,2.157043695449829,1.4686877727508545,2.157094955444336,13.44668960571289,21.819412231445312,9.15547232588054,0.5653592861374763,3.9542612319954307,5136.18752,215709.50904980573,2.157095090498057,894.7933067605363,5136.18752,109.0445803912345,17561.894934790605
27,-7.089362621307373,9.255037307739258,9.15527320621834e-10,1.147080898284912,1.3157776594161987,1.14707350730896,1.3157947063446045,9.255037307739258,16.34440040588379,8.068338790731472,0.3651594597604434,2.376432980785161,1389.10096,131579.48174455386,1.3157948174455387,165.39155864140633,1389.10096,49.266353322949776,3876.6325286338115
28,-6.949765205383301,9.258954048156738,1.6784668099845135e-09,1.1830229759216309,1.3995245695114136,1.183014988899231,1.399543285369873,9.258954048156738,16.20871925354004,7.826520901627946,0.4178855966064437,2.5802522636671794,2056.324,139954.3423919616,1.399543423919616,279.6969612509762,2056.324,55.11575915195848,5174.473632190418
29,-7.199123859405518,7.022665500640869,-2.9373168342061717e-09,1.0213065147399902,1.0430477857589722,1.0212970972061157,1.0430670976638794,7.199123859405518,14.221789360046387,7.048935608952137,0.0521945072184502,2.0073383596348737,690.78728,104306.71944423777,1.0430671944423777,39.881724100831924,690.78728,46.1545051251599,3610.0226474992114
30,-5.932447910308838,6.393348217010498,-4.959106458812812e-10,0.9912399649620056,0.9825352430343628,0.9912291765213013,0.9825566411018372,6.393348217010498,12.325796127319336,6.449849121302889,0.08189829833165224,1.0422898029608865,672.25424,98255.67710100034,0.9825567710100034,24.66361526495752,672.25424,63.80436948948768,7180.842075323876
31,-6.685300827026367,12.702376365661621,2.7465820728878043e-09,1.0440101623535156,1.0899487733840942,1.044006109237671,1.0899571180343628,12.702376365661621,19.387676239013672,12.166908736814028,0.5201199515110825,4.642419858196297,1087.6284,108995.70799030186,1.0899570799030187,89.22652100134194,1087.6284,48.33941461503454,4179.359796591259
Fp1,-28.498400000000007,30.7427,-8.981836929947348e-06,5.429078155061216,29.474889613682,5.429078155053766,29.474889613762898,30.7427,59.2411,5.662600375597901,-1.3769678678807864,3.0575653815880104,15566.801339205083,2947488.96137629,29.474889613762898,101155.86286083145,15566.801339205083,21.671049720126323,634.4463162531649
Fp2,-31.120100000000008,36.2103,-1.6952158944128543e-05,5.837540896155935,34.07688371400587,5.837540896131338,34.07688371429304,36.2103,67.3304,6.203005793731528,-1.3047376157329504,2.905481276063682,18455.551651936337,3407688.371429304,34.07688371429304,140267.2841045434,18455.551651936337,21.866740556730893,640.8833832511301
Fz,-14.856799999999996,20.0836,-4.850839457917289e-06,3.117036967826569,9.715919458773943,3.117036967822798,9.71591945879745,20.0836,34.9404,6.443170295154949,-1.079407255576993,2.651166268163772,5283.132434982387,971591.9458797448,9.715919458797448,11570.683808096232,5283.132434982387,21.877605849853442,640.6214817888981
F3,-21.593900000000005,22.4352,-2.1993146780874894e-05,4.027128061173396,16.21776042060644,4.027128061113333,16.217760421090198,22.4352,44.0291,5.571017275637117,-1.1651705808069308,2.6254542155680616,7944.262318971712,1621776.04210902,16.2177604210902,29138.65838096289,7944.262318971712,21.023151334088624,582.4433757167267
F4,-10.3831,13.978200000000001,-2.997575082078228e-05,1.9609936818205413,3.8454962192415754,1.9609936815914464,3.845496220140083,13.978200000000001,24.3613,7.128120875444617,-0.854859803691283,2.6539688898143305,2120.675280605265,384549.62201400823,3.8454962201400824,1684.2986865435387,2120.675280605265,22.904845561966255,702.8446437527531
F7,-14.6387,12.735,-3.678623805649153e-05,2.393801894825012,5.730287510314566,2.3938018945423547,5.730287511667819,14.6387,27.3737,6.11525123764266,-0.8974014971766535,2.800461942033728,3154.489704780946,573028.7511667819,5.730287511667819,3852.3337725472047,3154.489704780946,21.71329739199419,635.1824038412542
F8,-20.0793,16.6638,7.200094391850698e-06,2.2929340069325193,5.257546360095868,2.2929340069212345,5.257546360147619,20.0793,36.7431,8.757033538379952,-0.5073015564549409,11.031368676185012,5654.901201258412,525754.636014762,5.25754636014762,5366.184454039268,5654.901201258412,30.326237427939443,1357.91271025876
FC1,-7.893740000000003,8.73754,-3.0850600525309345e-06,1.6606337212467095,2.7577043561321903,1.660633721243848,2.757704356141694,8.73754,16.631280000000004,5.2615696575403454,-0.8118478679723197,1.6323803753294932,1346.1324159530432,275770.43561416946,2.7577043561416947,857.5574880414978,1346.1324159530432,21.247825551316534,598.3025688532042
FC2,-24.093300000000003,16.3452,-9.73053811027114e-06,3.4017298950719015,11.571766278931204,3.401729895057984,11.57176627902589,24.093300000000003,40.438500000000005,7.082661099843364,0.7220729200963898,2.574183105194023,5739.30747403456,1157176.627902589,11.57176627902589,16628.571690707195,5739.30747403456,22.619714601502913,675.3068520610257
FC5,-16.1849,22.4939,3.388431256538411e-05,2.6336679399941727,6.936206817004936,2.6336679397761853,6.936206818153149,22.4939,38.678799999999995,8.540902085040292,-0.4159246660317878,2.5514743770089643,5937.913983930974,693620.6818153149,6.936206818153149,4727.7194248602,5937.913983930974,28.326345065954534,1478.9529263292861
FC6,-16.0462,13.544599999999999,4.036243460700007e-05,2.3636879829974764,5.587020879337553,2.3636879826528614,5.587020880966678,16.0462,29.590799999999998,6.788628666483825,-0.48871872821996537,4.325106546018915,4998.459018664727,558702.0880966677,5.587020880966676,4754.124285451098,4998.459018664727,29.58332433308536,1296.8727456782615
Cz,-6.80049,9.23198,-5.320942230770243e-07,1.559702954880462,2.4326733074625664,1.559702954880373,2.4326733074628444,9.23198,16.03247,5.919062967158098,-0.1700894738441954,1.4414544695842517,1790.9191820081478,243267.33074628445,2.4326733074628444,778.8437482793364,1790.9191820081478,26.69900867523383,1029.096736338852
C3,-16.397200000000005,11.7613,9.691356830522294e-06,1.3733477274878387,1.8860839805020866,1.3733477274536434,1.886083980596011,16.397200000000005,28.158500000000004,11.939583596933725,-0.4553233153046373,3.8140719716484517,1371.159350685846,188608.39805960114,1.8860839805960115,295.13713396209204,1371.159350685846,27.912506453149668,1280.1546117634414
C4,-16.7707,14.2952,-1.3557221561745222e-05,2.38304865246134,5.6789208798140605,2.383048652422787,5.678920879997809,16.7707,31.0659,7.037497947294666,-0.38953078203922553,3.066712345108601,4683.237296408951,567892.0879997809,5.678920879997809,4040.9897963942335,4683.237296408951,27.678718695313922,1184.4704420286957
T3,-17.04,24.6069,-1.6720312977711272e-05,1.867814231674668,3.4887300037667694,1.8678142315998048,3.4887300040464306,24.6069,41.6469,13.174168813318035,0.23712376105885438,5.268073492357198,4534.968819398896,348873.000404643,3.48873000404643,1320.891066472075,4534.968819398896,55.84784905166231,5437.269304290688
T4,-15.4568,13.3045,-1.9810472372074627e-05,1.800542008266457,3.2419515231397837,1.8005420081574837,3.2419515235322063,15.4568,28.7613,8.58452617547182,-0.06984307594778527,3.34940717803031,2307.3375329849873,324195.1523532206,3.2419515235322063,980.5410936885231,2307.3375329849873,31.728107816556083,1496.142509124817
A1,-45.125600000000006,43.8017,-3.150552958896625e-05,3.60087983644376,12.966335595514963,3.6008798363059773,12.96633559650724,45.125600000000006,88.9273,12.531826122963933,0.43000930366717954,23.30219589991754,11483.960578064196,1296633.559650724,12.96633559650724,38521.17505091898,11483.960578064196,31.691474357096563,1268.1916463168902
A2,-14.528399999999998,14.3698,-3.0922633706458668e-06,2.1889878544401653,4.791667826876994,2.188987854437981,4.791667826886559,14.528399999999998,28.898199999999996,6.6370400231003766,0.15100821868190104,4.117926689929042,3755.330347532404,479166.7826886559,4.791667826886559,3544.244355404564,3755.330347532404,29.683107671607157,1240.7666916363735
CP1,-6.667649999999999,12.6563,-1.521042838963318e-06,0.8820700405582049,0.7780475564480288,0.8820700405568873,0.7780475564503533,12.6563,19.32395,14.348407062993148,1.2914124342130895,21.181685851812546,793.774747839524,77804.75564503536,0.7780475564503536,131.10842905002917,793.774747839524,34.044830017746754,1571.1211203492853
CP2,-10.1338,12.441600000000001,1.2159037613037213e-05,1.3759456754566914,1.8932265016601295,1.375945675402968,1.8932265018079706,12.441600000000001,22.575400000000002,9.04221745227732,0.34376825852186016,5.222864897746868,1505.025162140533,189322.65018079703,1.8932265018079704,624.3937909013788,1505.025162140533,30.263924411051374,1214.3826456660825
CP5,-10.8748,9.46892,1.1350476192252046e-05,1.337413113130703,1.7886738350451392,1.337413113082543,1.7886738351739586,10.8748,20.34372,8.131219810267574,0.08746580168645691,3.368707085090323,2138.463684693914,178867.38351739582,1.7886738351739582,422.15657770645333,2138.463684693914,46.79859243567943,3391.5100533659297
CP6,-415.743,277.406,5.6663199694755804e-05,27.569413372277573,760.0725536883095,27.569413372219394,760.0725536915174,415.743,693.149,15.079863847159345,-0.16753900855936407,12.340165117280241,369022.72094151174,76007255.36915171,760.0725536915171,60186170.95503818,369022.72094151174,25.376060566395868,835.5735755709712
Pz,-3.67436,6.96017,3.288816745157135e-06,0.853315402753589,0.728147176565707,0.8533154027472533,0.7281471765765197,6.96017,10.63453,8.156620608909694,0.38899483652592165,1.9659915260980219,468.4787246439324,72814.71765765196,0.7281471765765195,72.44390798600068,468.4787246439324,27.64644997766575,1010.7714072040892
P3,-5.10065,8.20616,2.1852499779683399e-07,1.021331363919012,1.0431177549246442,1.0213313639189996,1.0431177549246695,8.20616,13.30681,8.034767451487683,0.34783672226993584,2.1746317008247598,1046.2043708119304,104311.77549246693,1.0431177549246693,184.20271122370667,1046.2043708119304,38.57430546887217,2128.836802199238
P4,-10.9502,22.3567,2.4003181963143162e-05,2.278431522595423,5.191250202580401,2.278431522468999,5.191250203156497,22.3567,33.3069,9.81232035208716,0.5558063574439673,2.855359981622777,5118.374779773789,519125.0203156497,5.191250203156497,4097.800665316974,5118.374779773789,34.7881312085176,1755.4897655834372
T5,-14.972099999999996,17.0995,6.5022130484427976e-06,1.9888110437748194,3.9553693677984176,1.9888110437641926,3.955369367840687,17.0995,32.0716,8.59785048636127,0.4637006355464593,4.086210208305781,2374.803448566152,395536.9367840687,3.955369367840687,1340.1230271504662,2374.803448566152,27.57670649838377,1051.8057057507353
T6,-21.8716,30.379300000000004,-4.038284362420441e-05,4.165393978647896,17.35050699572542,4.1653939784521485,17.350506997356145,30.379300000000004,52.2509,7.2932596906142475,0.7974410803596776,3.226414151837484,11615.353262567474,1735050.6997356145,17.350506997356145,24477.52901040565,11615.353262567474,26.366620866865212,1098.5688248901074
PO3,-8.34717,10.6661,-2.3732222470699824e-05,1.4388025493781351,2.0701527755338374,1.4388025491824226,2.0701527760970206,10.6661,19.01327,7.413178413264555,0.5112165797452466,2.2483172499824855,1344.0296147600577,207015.27760970214,2.0701527760970215,450.7661592374826,1344.0296147600577,28.396154437003084,1122.343375895118
PO4,-16.4206,19.2247,2.735379766933761e-06,2.7286705012047583,7.445642704137475,2.7286705012033745,7.445642704145028,19.2247,35.6453,7.045445755180752,0.6644903496034338,4.163246567386167,8271.931622295082,744564.2704145027,7.445642704145027,7274.521924257056,8271.931622295082,38.36212684966011,2430.9242155622346
Oz,-19.586,17.8632,-2.9759351430630545e-05,1.9130530874792289,3.6597721146281956,1.9130530872477627,3.6597721155138103,19.586,37.4492,10.238084937730541,0.5343512833016323,2.112973464363132,1782.8180551769979,365977.2115513809,3.6597721155138094,1137.2671636538475,1782.8180551769979,24.89095415456206,838.8785487213265
O1,-11.524899999999999,12.1844,-3.58966454493725e-06,1.6302597493148663,2.657746850223288,1.6302597493109152,2.6577468502361707,12.1844,23.7093,7.4739010179946,0.5805776093415055,4.228787585638913,1385.7393522546931,265774.6850236171,2.657746850236171,612.2570358586169,1385.7393522546931,26.51946049146099,963.362832247064
O2,-14.9407,18.9033,1.8164998245972866e-05,2.0553617204659598,4.22451180162679,2.055361720385682,4.22451180195679,18.9033,33.844,9.197067266444243,0.62868343193114,2.4203901751019705,2513.2313075126963,422451.1801956791,4.22451180195679,1609.223945513214,2513.2313075126963,26.568331962515785,997.5245646970151
0,-28.49839210510254,30.74271011352539,-4.882812376649781e-09,5.429079055786133,29.474279403686523,5.429021835327148,29.474899291992188,30.74271011352539,59.24110412597656,5.662601298973686,-1.3769688197333503,3.0575633708712466,15566.76352,2947489.9588532373,29.474899588532374,101155.98326503426,15566.76352,21.67104274618003,634.4454029037274
1,-31.12006950378418,36.21030044555664,6.103515470812226e-10,5.837538242340088,34.07630157470703,5.837491035461426,34.07685089111328,36.21030044555664,67.33036804199219,6.203008690019486,-1.3047376718559147,2.9054836862232083,18455.59936,3407685.1732161622,34.07685173216162,140267.0137707868,18455.59936,21.866740571687135,640.8835322689163
2,-14.856776237487793,20.08357810974121,1.0681152629032908e-09,3.117032766342163,9.715770721435547,3.1170132160186768,9.715893745422363,20.08357810974121,34.94035339355469,6.443171957190968,-1.0794071586389078,2.6511710424808514,5283.11744,971589.4750089105,9.715894750089106,11570.627731708233,5283.11744,21.877635706354333,640.6238220329244
3,-21.593900680541992,22.435243606567383,6.103515470812226e-09,4.027132511138916,16.217529296875,4.027099132537842,16.21779441833496,22.435243606567383,44.029144287109375,5.571021947877861,-1.1651698951114489,2.625447075889494,7944.28352,1621779.540556883,16.21779540556883,29138.77863905306,7944.28352,21.023151179979262,582.4435511531827
4,-10.38306713104248,13.978227615356445,-4.501342854013046e-09,1.960992693901062,3.8454325199127197,1.9609774351119995,3.845492124557495,13.978227615356445,24.36129379272461,7.128138548823012,-0.8548591092175427,2.6539669360360643,2120.66896,384549.22614765447,3.8454922614765445,1684.2954230310386,2120.66896,22.90483086008296,702.8435431199335
5,-14.638671875,12.7350435256958,-7.629394338515283e-10,2.393803119659424,5.730193138122559,2.393782138824463,5.7302937507629395,14.638671875,27.373714447021484,6.115236359572755,-0.8974023889639741,2.800468018335774,3154.49568,573029.404674653,5.73029404674653,3852.342776242517,3154.49568,21.713303072651925,635.1826888739911
6,-20.079259872436523,16.663753509521484,-4.3487546896869844e-09,2.2929279804229736,5.257421970367432,2.2929069995880127,5.257519245147705,20.079259872436523,36.743011474609375,8.757039053940337,-0.5073057338200984,11.031367841661085,5654.85696,525751.9605017703,5.257519605017703,5366.127089322984,5654.85696,30.326188757110508,1357.9063487903397
7,-7.89373779296875,8.737543106079102,-1.6784668099845135e-09,1.6606336832046509,2.7576534748077393,1.6606184244155884,2.757704257965088,8.737543106079102,16.63128089904785,5.261571648491196,-0.8118474812050511,1.6323825831146692,1346.14176,275770.46252743027,2.7577046252743025,857.5574700720852,1346.14176,21.24784553848496,598.3042965897732
8,-24.093347549438477,16.34524917602539,4.577636936176077e-09,3.4017386436462402,11.571611404418945,3.401707172393799,11.57182502746582,24.093347549438477,40.4385986328125,7.082656862672263,0.7220718629743799,2.5741823876851093,5739.3344,1157182.5109368092,11.571825109368092,16628.73453249163,5739.3344,22.619712891049375,675.3071452027391
9,-16.1849365234375,22.49386978149414,-1.831054641243668e-09,2.633668899536133,6.9361348152160645,2.6336543560028076,6.936212062835693,22.49386978149414,38.67880630493164,8.540887499357257,-0.41592404798832083,2.5514787180769707,5937.93536,693621.287644156,6.9362128764415605,4727.7320740931655,5937.93536,28.326428001248523,1478.9630808774798
10,-16.046249389648438,13.544567108154297,-9.15527320621834e-10,2.3636889457702637,5.58691930770874,2.363666534423828,5.5870256423950195,16.046249389648438,29.590816497802734,6.788646796509593,-0.48871714926039933,4.325094904379495,4998.46816,558702.5483885746,5.587025483885746,4754.131953413719,4998.46816,29.583336447073403,1296.8737313525667
11,-6.8004865646362305,9.231976509094238,-9.15527320621834e-10,1.559701681137085,2.4326322078704834,1.5596897602081299,2.4326694011688232,9.231976509094238,16.03246307373047,5.919065562822089,-0.17009011905529534,1.4414551413383165,1790.91312,243266.95677984515,2.4326695677984516,778.8404816026944,1790.91312,26.698959152294147,1029.0922640345666
12,-16.397165298461914,11.761258125305176,0.0,1.3733444213867188,1.8860385417938232,1.3733311891555786,1.8860749006271362,16.397165298461914,28.158424377441406,11.939587071613882,-0.455323647027497,3.8140825862957337,1371.1664,188607.5040892037,1.8860750408920368,295.1340552562827,1371.1664,27.912689122094996,1280.181103584196
13,-16.770694732666016,14.295220375061035,6.103515470812226e-10,2.383049726486206,5.678827285766602,2.383028984069824,5.678926467895508,16.770694732666016,31.065914154052734,7.037492565207321,-0.38953108402015235,3.0667077189131913,4683.24608,567892.598557818,5.6789259855781795,4040.9971034321143,4683.24608,27.67872695361798,1184.4717830103266
14,-17.039989471435547,24.60692596435547,-3.051757735406113e-09,1.867814302444458,3.4886622428894043,1.8677960634231567,3.4887304306030273,24.60692596435547,41.646915435791016,13.174182215090513,0.2371228234242965,5.268057090339662,4534.95072,348873.05851977103,3.48873058519771,1320.889255811755,4534.95072,55.84757860505824,5437.212740251504
15,-15.456759452819824,13.3045015335083,-2.708435031806289e-09,1.8005387783050537,3.241880416870117,1.8005222082138062,3.2419397830963135,15.456759452819824,28.761260986328125,8.584519055662952,-0.06984202476344992,3.349393052179127,2307.33376,324194.00414759445,3.2419400414759445,980.5326362963776,2307.33376,31.728094780803993,1496.1420963702808
16,-45.125572204589844,43.80173873901367,-1.4495850075846306e-09,3.600881338119507,12.966063499450684,3.600841999053955,12.96634578704834,45.125572204589844,88.92730712890625,12.531813177758263,0.4300118841929502,23.30235973328388,11483.96032,1296634.841251283,12.96634841251283,38521.23194728898,11483.96032,31.691450963051803,1268.189186029215
17,-14.528358459472656,14.369765281677246,3.20434567768757e-09,2.1889820098876953,4.7916059494018555,2.1889736652374268,4.791642189025879,14.528358459472656,28.89812469482422,6.637038766809247,0.15100952876583107,4.117939348352144,3755.30048,479164.28628020734,4.791642862802074,3544.203923809002,3755.30048,29.683071209106135,1240.7630751736122
18,-6.667654991149902,12.6563138961792,7.438659688219218e-10,0.8820704221725464,0.7779979705810547,0.8820419311523438,0.7780482769012451,12.6563138961792,19.3239688873291,14.348416609420592,1.2914146738104701,21.18170329339228,793.774,77804.84146078848,0.7780484146078848,131.10849915214686,793.774,34.04486395249785,1571.1253940553315
19,-10.13381576538086,12.4415922164917,-3.280639537805996e-09,1.3759459257125854,1.893201231956482,1.375936508178711,1.893227219581604,12.4415922164917,22.575408935546875,9.042210150844666,0.3437704444919922,5.222879861967378,1505.02672,189322.73168627854,1.8932273168627853,624.3943707443609,1505.02672,30.26394404103126,1214.3844566593486
20,-10.874820709228516,9.468916893005371,-4.57763660310917e-10,1.337414264678955,1.7886416912078857,1.3374011516571045,1.7886768579483032,10.874820709228516,20.343738555908203,8.131228293605052,0.08746678147297789,3.368702419664352,2138.45552,178867.6947598845,1.788676947598845,422.1579852954851,2138.45552,46.798381133324945,3391.469663141199
21,-415.7433166503906,277.4060974121094,1.2207030941624453e-08,27.569433212280273,760.0674438476562,27.569320678710938,760.0736083984375,415.7433166503906,693.1494140625,15.079864480681662,-0.16754538180765158,12.340172412203858,369027.03104,76007363.42635646,760.0736342635646,60186343.70738342,369027.03104,25.37603790420473,835.571341667927
22,-3.6743640899658203,6.960168361663818,6.103515470812226e-10,0.8533158898353577,0.7281410694122314,0.8533118367195129,0.7281479835510254,6.960168361663818,10.634532928466797,8.1566140330596,0.3889957527715488,1.9659958101164419,468.48088,72814.79960446226,0.7281479960446225,72.4441192357865,468.48088,27.646481541952134,1010.7745930692683
23,-5.100647449493408,8.206155776977539,1.0681152629032908e-09,1.02133047580719,1.043092966079712,1.0213192701339722,1.0431159734725952,8.206155776977539,13.306802749633789,8.034770303404443,0.3478383086631917,2.1746325386879954,1046.20096,104311.6159609389,1.043116159609389,184.20203347979233,1046.20096,38.574249535254694,2128.828580221276
24,-10.950221061706543,22.356670379638672,-9.15527320621834e-10,2.278430700302124,5.191167831420898,2.2784135341644287,5.191246509552002,22.356670379638672,33.30689239501953,9.81231089305202,0.5558036100028626,2.855351244825605,5118.36352,519124.7304091635,5.191247304091635,4097.794095745173,5118.36352,34.78811681850478,1755.4876641494322
25,-14.972097396850586,17.0994815826416,-6.484985437538171e-09,1.9888101816177368,3.9552760124206543,1.9887875318527222,3.9553658962249756,17.0994815826416,32.07157897949219,8.597844953072672,0.4636988928693988,4.086200603920241,2374.81712,395536.6280767997,3.955366280767997,1340.1201677112497,2374.81712,27.576756279646553,1051.8124968047719
26,-21.871566772460938,30.379348754882812,-4.425048771850015e-09,4.165395259857178,17.350217819213867,4.1653594970703125,17.35051727294922,30.379348754882812,52.25091552734375,7.293269152067085,0.7974407824978003,3.2264111469951127,11615.32928,1735051.9618062796,17.350519618062798,24477.51475442625,11615.32928,26.366560552614267,1098.5636906450227
27,-8.34716510772705,10.666147232055664,1.831054641243668e-09,1.4388060569763184,2.0701327323913574,1.438795566558838,2.070162773132324,10.666147232055664,19.01331329345703,7.4131931682792604,0.5112175117954593,2.248315613163145,1344.04896,207016.26053653867,2.0701626053653865,450.7708413661685,1344.04896,28.396233686719935,1122.352274672985
28,-16.42063331604004,19.224733352661133,7.629394338515283e-10,2.72867488861084,7.445575714111328,2.7286581993103027,7.445667266845703,19.224733352661133,35.64536666870117,7.045446649911594,0.6644879443512759,4.163243255608997,8271.97696,744566.920698462,7.44566920698462,7274.586379013391,8271.97696,38.36217049708575,2430.9307597345596
29,-19.585981369018555,17.86324119567871,1.0681152629032908e-09,1.9130537509918213,3.659727096557617,1.913041353225708,3.6597747802734375,19.585981369018555,37.449222564697266,10.23807164794205,0.5343520408429372,2.1129739950101616,1782.79664,365977.51112377207,3.6597751112377206,1137.2649528166746,1782.79664,24.890879351447225,838.8719953391674
30,-11.524932861328125,12.184442520141602,-3.433227480087453e-09,1.6302655935287476,2.6577415466308594,1.6302580833435059,2.6577658653259277,12.184442520141602,23.709375381469727,7.473900307107686,0.5805742570122296,4.228777195955271,1385.7488,265776.6226408033,2.657766226408033,612.2663209698335,1385.7488,26.519500950926123,963.3658252417918
31,-14.940695762634277,18.90325355529785,7.629394338515283e-10,2.055358648300171,4.224430561065674,2.055341958999634,4.224499225616455,18.90325355529785,33.84394836425781,9.197058416511044,0.6286813282919315,2.4203754178272687,2513.23056,422449.9336995924,4.224499336995924,1609.2173375573134,2513.23056,26.568382275984415,997.5287499182637
0,-93.90786743164062,40.59453582763672,1.3563368206348514e-08,15.048311233520508,226.4451904296875,15.048095703125,226.45166015625,93.90786743164062,134.50241088867188,6.2404256513819565,-2.3257623372032734,6.600108552872884,123508.12573737373,22418712.931558594,226.45164577331914,6248892.090424061,123508.12573737373,21.194031568488448,611.1101878749369
1,-36.0377311706543,8.301226615905762,5.856908735779598e-09,3.198538064956665,10.230401039123535,3.198499917984009,10.230646133422852,36.0377311706543,44.338958740234375,11.266938344578541,-2.4130452407236285,7.990250535589757,5020.828121212121,1012834.0994864074,10.23064746955967,11500.12422123766,5020.828121212121,19.65941812455221,510.5099953165354
2,-27.33462905883789,13.18631649017334,1.8495501796778058e-09,4.409657001495361,19.44466781616211,4.409610748291016,19.44507598876953,27.33462905883789,40.52094650268555,6.198810712390653,-1.8564355796285896,4.745336890796412,13117.331393939394,1925062.577798592,19.44507654342012,44767.66372244874,13117.331393939394,22.41088902025288,736.9340264078162
3,-20.168275833129883,8.187142372131348,-5.08626296635839e-09,2.7689599990844727,7.666952133178711,2.7689261436462402,7.667139053344727,20.168275833129883,28.355419158935547,7.283700681771608,-1.940208146365624,5.94619013886747,4829.688888888889,759046.7713710673,7.667139104758255,7032.087138065668,4829.688888888889,22.446056663106297,720.2365166364174
4,-25.243022918701172,12.267061233520508,-3.54497120547137e-09,2.3562405109405518,5.551760673522949,2.356217384338379,5.551869869232178,25.243022918701172,37.51008605957031,10.713262420152853,-1.7878427793216451,6.854731565059227,2426.773171717172,549635.1617389111,5.551870320595061,2733.63828525621,2426.773171717172,19.655940964355498,534.4723787101475
5,-28.581140518188477,12.083528518676758,1.5412918163981715e-10,3.2292428016662598,10.42783260345459,3.229215383529663,10.428009033203125,28.581140518188477,40.664669036865234,8.850725161775035,-2.3202897190233127,10.786916910911387,6268.436686868687,1032373.0416845498,10.42801052206616,13293.45312140485,6268.436686868687,21.50778712483499,636.1939759493285
6,-12.822808265686035,15.396267890930176,-6.165167265592686e-10,2.0550761222839355,4.223226547241211,2.055048942565918,4.223337650299072,15.396267890930176,28.21907615661621,7.491823647787476,-0.4006574152254309,3.594241014167265,2412.2414545454544,418110.4130845068,4.22333750590411,1854.9332241915247,2412.2414545454544,24.089910008724832,852.6826433313854
7,-32.86214065551758,16.87392234802246,8.554169816932244e-09,3.365570545196533,11.326803207397461,3.3655316829681396,11.327064514160156,32.86214065551758,49.736061096191406,9.764210915863773,-1.653409031644936,8.263269253176437,6426.1255757575755,1121379.439311939,11.32706504355494,13389.721583097049,6426.1255757575755,20.457825741153957,585.1509171294598
8,-15.997371673583984,8.020029067993164,-1.3871626070027787e-09,2.2791099548339844,5.194237232208252,2.2790868282318115,5.194342613220215,15.997371673583984,24.01740074157715,7.0191311479525655,-1.1190927088422806,2.578308481441799,2927.208404040404,514239.94629041466,5.19434289182237,2637.675284466507,2927.208404040404,21.55858859269793,685.1164593154907
9,-26.281396865844727,13.875160217285156,-3.0825837438186454e-09,2.4156434535980225,5.835270881652832,2.415630578994751,5.835332870483398,26.281396865844727,40.15655517578125,10.879667206971062,-1.6984858345332239,10.486693425306674,3116.162909090909,577697.9514667623,5.83533284309861,2680.246117402779,3116.162909090909,21.1401249220752,652.5207535719095
10,-8.690766334533691,12.519852638244629,2.0036794445843498e-09,1.5952215194702148,2.544680118560791,1.595205307006836,2.544731855392456,12.519852638244629,21.21061897277832,7.848347383379436,0.05072547055538222,2.6804329291092364,1228.180202020202,251928.45830268488,2.5447319020473222,503.24000255989245,1228.180202020202,23.65567741092327,812.927548568008
11,-8.92037582397461,4.4109954833984375,-1.4642271839448995e-09,1.3288888931274414,1.7659047842025757,1.3288735151290894,1.7659456729888916,8.92037582397461,13.331371307373047,6.712657371212703,-0.661344870852088,1.4014520998225581,1076.3613737373737,174828.63311449258,1.7659457890352785,306.6590932187196,1076.3613737373737,22.73273425098196,751.6087280453252
12,-8.928424835205078,14.267023086547852,-1.1559688761764164e-09,1.8688665628433228,3.492605209350586,1.8688513040542603,3.492662191390991,14.267023086547852,23.19544792175293,7.634051232016148,0.9633669179339321,3.4373685575369217,2040.526707070707,345773.56567569845,3.4926622795525097,1001.189492756218,2040.526707070707,24.51173068085516,917.2397192970674
13,-25.813705444335938,17.032909393310547,-3.6991003593556115e-09,2.6377198696136475,6.957385063171387,2.637685537338257,6.957565784454346,25.813705444335938,42.846614837646484,9.786371078183116,-0.13788187247712974,2.391501325430813,3977.524686868687,688799.0537915132,6.957566199914274,2573.171711750197,3977.524686868687,26.98186845712484,1224.0209356307873
14,-16.496360778808594,21.231534957885742,5.779844380882082e-10,2.248903274536133,5.057490348815918,2.2488865852355957,5.057566165924072,21.231534957885742,37.72789764404297,9.440839540893567,-0.1990901390219225,1.8290919144644056,1599.243797979798,500699.00729497534,5.057565730252276,1098.957642579568,1599.243797979798,21.12173650686254,636.4341280739484
15,-7.233264923095703,10.518254280090332,1.6568887373225039e-09,1.347497820854187,1.8157261610031128,1.3474888801574707,1.8157503604888916,10.518254280090332,17.75151824951172,7.805767191091075,0.5620935733837197,2.1529414176807204,1396.1845656565656,179759.28161440243,1.8157503193373983,196.05416335713466,1396.1845656565656,35.74343073528659,2400.3639047141505
16,-3.3596560955047607,4.8967156410217285,-7.706459081990857e-11,0.8490487933158875,0.7208709120750427,0.8490411639213562,0.720883846282959,4.8967156410217285,8.25637149810791,5.7672959193523194,0.6154221083754103,1.2293197599461285,679.4634343434343,71367.49517176129,0.7208837896137503,42.01142362521066,679.4634343434343,39.432475563270124,2958.2649803377662
17,-11.469988822937012,14.122847557067871,7.706459359546614e-10,2.0154175758361816,4.061826229095459,2.015397310256958,4.06190824508667,14.122847557067871,25.592836380004883,7.007405178159374,0.6590730518097847,2.6103746182881347,3306.9527272727273,402128.9216675415,4.061908299672137,1696.7955723693299,3306.9527272727273,29.262011342317415,1420.903073092946
18,-9.58572006225586,9.81438159942627,-1.6954210257935642e-09,1.8121225833892822,3.283736228942871,1.8121082782745361,3.2837884426116943,9.81438159942627,19.400100708007812,5.415958991620785,-0.1721637980655807,0.4963137486363891,2314.205414141414,325095.0672548889,3.283788558130191,1648.2982235098946,2314.205414141414,29.434808389093632,1144.088644705945
19,-43.407447814941406,55.16839599609375,-4.0073588891686995e-09,6.164906978607178,38.00466537475586,6.164792537689209,38.006080627441406,55.16839599609375,98.57584381103516,8.948779955242376,0.5761795260671655,8.383847574332503,51854.22222222222,3762602.3121417314,38.00608396102759,375308.92908386106,51854.22222222222,38.91227490634406,2260.7966451412135
20,-3169.034423828125,1181.25390625,-1.4796401437422446e-08,70.76329803466797,5007.09375,70.76081848144531,5007.44482421875,3169.034423828125,4350.2880859375,44.78358855286209,-5.225966900661694,197.01997002563274,1369986.0583434342,495737092.0113541,5007.4453738520615,839603417.7377967,1369986.0583434342,18.0313434554178,461.03663411636865
21,-10.571944236755371,12.489192962646484,1.2330334531185372e-09,1.7858633995056152,3.189246416091919,1.7858461141586304,3.1893081665039062,12.489192962646484,23.061138153076172,6.9933640871434495,0.3801158991118114,1.560902876416204,1434.8544646464647,315741.49340897496,3.18930801423207,712.9665508340013,1434.8544646464647,26.29485149841886,925.6405092431512
22,-5.452258586883545,7.376616477966309,-3.236712897702887e-09,1.282781958580017,1.6455191373825073,1.2827779054641724,1.6455296277999878,7.376616477966309,12.828874588012695,5.750483493026279,0.44011008037216454,1.1659950773724805,989.6888888888889,162907.45889850194,1.645529887863656,321.9290719139891,989.6888888888889,28.805991660455078,1149.9979461201974
23,-6.046207904815674,9.583698272705078,-2.928454367889799e-09,1.448440670967102,2.0979537963867188,1.4484314918518066,2.097980499267578,9.583698272705078,15.629905700683594,6.616562531557601,0.4609692189238351,1.7019133131296034,1944.9449696969698,207700.06965998863,2.0979805016160467,592.1283600394437,1944.9449696969698,43.348749911961534,2581.19455196631
24,-9.901618957519531,14.367898941040039,-6.165167265592686e-10,1.9485876560211182,3.7969298362731934,1.9485712051391602,3.7969939708709717,14.367898941040039,24.26951789855957,7.373493769522434,0.5963506673321103,2.0076308510236194,2999.9243636363635,375902.3960090048,3.7969938990808565,1530.2196577595207,2999.9243636363635,30.96692161008364,1439.6299975354557
25,-5.472223281860352,10.595590591430664,-1.0018397222921749e-09,1.2758897542953491,1.6278718709945679,1.2758808135986328,1.6278947591781616,10.595590591430664,16.067813873291016,8.304471883844242,0.5711541169727926,1.9311491077033764,664.2021818181818,161161.57409509434,1.6278946878292357,148.3643322936696,664.2021818181818,25.83839120994524,950.2244167634308
26,-6.17729377746582,12.18624210357666,9.247750898389029e-10,1.4485771656036377,2.0983383655548096,1.4485642910003662,2.0983757972717285,12.18624210357666,18.363536834716797,8.412559850409158,0.907458201187367,3.2432175786247024,1330.5134545454546,207739.21960109955,2.098375955566662,358.30448274483547,1330.5134545454546,28.64505686938166,1227.9432938082537
27,-12.383528709411621,18.156452178955078,3.54497120547137e-09,2.340613603591919,5.478431224822998,2.340604782104492,5.4784722328186035,18.156452178955078,30.539981842041016,7.7571334931541385,0.6279101362533881,3.0285415173076267,1810.2721616161616,542368.8234454155,5.478472964095106,1328.0077103399044,1810.2721616161616,21.57955677252518,633.5097699108461
28,-11.265786170959473,17.827102661132812,-3.54497120547137e-09,2.596848487854004,6.74353551864624,2.596831798553467,6.743622303009033,17.827102661132812,29.09288787841797,6.8648990283853095,0.6001072281656499,1.7189672020545546,2869.118707070707,667618.6355814196,6.7436225816305,2390.4587708931035,2869.118707070707,23.372646280997742,770.9990077222053
29,-11.861592292785645,18.034116744995117,-4.0073588891686995e-09,2.682969093322754,7.19820499420166,2.6829471588134766,7.198322772979736,18.034116744995117,29.895709991455078,6.721701263677457,0.548160999822702,1.5498114277477244,2883.096565656566,712633.9228903793,7.198322453438175,2452.7168175199313,2883.096565656566,23.188848377115576,756.9269235781568
30,-12.491259574890137,18.13201904296875,1.8495501796778058e-09,2.7711875438690186,7.679362773895264,2.7711663246154785,7.679481029510498,18.13201904296875,30.623279571533203,6.543050138589165,0.49123083358571823,1.3819366391448709,2842.0809696969695,760268.6479774746,7.679481292701764,2507.667821200628,2842.0809696969695,23.064495956192392,744.31704411203
31,-18.1215763092041,32.3077278137207,5.394521274126873e-09,3.123176336288452,9.754090309143066,3.1231539249420166,9.754230499267578,32.3077278137207,50.42930603027344,10.344509670598633,0.6724972831954773,4.058410653560312,3882.083232323232,965668.8828801523,9.754231140203558,4815.915965924876,3882.083232323232,22.203467624439835,689.9992420036116
